<?xml version="1.0" encoding="utf-16"?>
<Users>
  <count>54</count>
  <users>
    <User>
      <firstName>Chrissy</firstName>
      <lastName>Falconbridge</lastName>
      <age>50</age>
      <SoldProducts>
        <count>5</count>
        <products>
          <Product>
            <name>Topex</name>
            <price>1258.49</price>
          </Product>
          <Product>
            <name>Retin-A MICRO</name>
            <price>995.98</price>
          </Product>
          <Product>
            <name>Aspirin</name>
            <price>925.45</price>
          </Product>
          <Product>
            <name>Meloxicam</name>
            <price>809.18</price>
          </Product>
        </products>
      </SoldProducts>
    </User>
    <User>
      <firstName>Wendel</firstName>
      <lastName>Stannering</lastName>
      <age>34</age>
      <SoldProducts>
        <count>2</count>
        <products>
          <Product>
            <name>Triamterene and Hydrochlorothiazide</name>
            <price>1416.59</price>
          </Product>
          <Product>
            <name>IOPE SUPER VITAL</name>
            <price>824.68</price>
          </Product>
        </products>
      </SoldProducts>
    </User>
    <User>
      <firstName>Jacquelin</firstName>
      <lastName>Fransoni</lastName>
      <age>22</age>
      <SoldProducts>
        <count>2</count>
        <products>
          <Product>
            <name>Eszopiclone</name>
            <price>405.03</price>
          </Product>
          <Product>
            <name>Allopurinol</name>
            <price>48.80</price>
          </Product>
        </products>
      </SoldProducts>
    </User>
    <User>
      <firstName>Kevyn</firstName>
      <lastName>Priestley</lastName>
      <age>22</age>
      <SoldProducts>
        <count>3</count>
        <products>
          <Product>
            <name>Glipizide</name>
            <price>621.78</price>
          </Product>
          <Product>
            <name>Cold and Cough</name>
            <price>218.14</price>
          </Product>
        </products>
      </SoldProducts>
    </User>
    <User>
      <firstName>Mitchell</firstName>
      <lastName>Worboys</lastName>
      <age>39</age>
      <SoldProducts>
        <count>4</count>
        <products>
          <Product>
            <name>Ibuprofen</name>
            <price>1305.96</price>
          </Product>
          <Product>
            <name>Benazepril Hydrochloride and Hydrochlorothiazide</name>
            <price>1187.27</price>
          </Product>
          <Product>
            <name>No7 Protect and Perfect Foundation Sunscreen Broad Spectrum SPF 15 Cool Ivory</name>
            <price>616.19</price>
          </Product>
          <Product>
            <name>CHAMOMILLA</name>
            <price>37.97</price>
          </Product>
        </products>
      </SoldProducts>
    </User>
    <User>
      <firstName>Kayla</firstName>
      <lastName>Middlebrook</lastName>
      <age>22</age>
      <SoldProducts>
        <count>4</count>
        <products>
          <Product>
            <name>SEPHORA Acne-Fighting Mattifying Moisturizer</name>
            <price>1019.28</price>
          </Product>
          <Product>
            <name>Imipramine Hydrochloride</name>
            <price>648.69</price>
          </Product>
          <Product>
            <name>Etomidate</name>
            <price>393.94</price>
          </Product>
          <Product>
            <name>Metaxalone</name>
            <price>79.94</price>
          </Product>
        </products>
      </SoldProducts>
    </User>
    <User>
      <firstName>Clementius</firstName>
      <lastName>Jedrych</lastName>
      <age>33</age>
      <SoldProducts>
        <count>4</count>
        <products>
          <Product>
            <name>DIVALPROEX SODIUM</name>
            <price>1287.03</price>
          </Product>
          <Product>
            <name>LBEL Couleur Luxe Rouge Amplifier XP amplifying SPF 15</name>
            <price>1069.43</price>
          </Product>
          <Product>
            <name>Naproxen</name>
            <price>807.22</price>
          </Product>
          <Product>
            <name>Pleo Lat</name>
            <price>720.08</price>
          </Product>
        </products>
      </SoldProducts>
    </User>
    <User>
      <firstName>Vivie</firstName>
      <lastName>Tyrwhitt</lastName>
      <age>29</age>
      <SoldProducts>
        <count>5</count>
        <products>
          <Product>
            <name>Etodolac</name>
            <price>1443.13</price>
          </Product>
          <Product>
            <name>Wintergreen Isopropyl Alcohol</name>
            <price>1397.57</price>
          </Product>
          <Product>
            <name>VITALUMIERE AQUA</name>
            <price>1293.09</price>
          </Product>
          <Product>
            <name>Ondansetron</name>
            <price>1249.76</price>
          </Product>
          <Product>
            <name>Aspen</name>
            <price>1046.46</price>
          </Product>
        </products>
      </SoldProducts>
    </User>
    <User>
      <firstName>Purcell</firstName>
      <lastName>Prewett</lastName>
      <age>47</age>
      <SoldProducts>
        <count>6</count>
        <products>
          <Product>
            <name>cough and sore throat</name>
            <price>1482.68</price>
          </Product>
          <Product>
            <name>Pollens - Trees, Birch Mix</name>
            <price>1153.54</price>
          </Product>
          <Product>
            <name>PREMIER VALUE ALLERGY</name>
            <price>1127.61</price>
          </Product>
          <Product>
            <name>smart sense nighttime cold and flu relief</name>
            <price>1101.77</price>
          </Product>
          <Product>
            <name>Prostate</name>
            <price>716.05</price>
          </Product>
          <Product>
            <name>PRIMAXIN</name>
            <price>686.66</price>
          </Product>
        </products>
      </SoldProducts>
    </User>
    <User>
      <firstName>Dannie</firstName>
      <lastName>Camellini</lastName>
      <age>47</age>
      <SoldProducts>
        <count>2</count>
        <products>
          <Product>
            <name>Clearskin</name>
            <price>968.59</price>
          </Product>
          <Product>
            <name>Pleo Ginkgo</name>
            <price>613.65</price>
          </Product>
        </products>
      </SoldProducts>
    </User>
  </users>
</Users>