[
  {
    "FirstName": "Gloria",
    "LastName": "Alexander",
    "soldProducts": [
      {
        "ProductName": "Strattera",
        "ProductPrice": 658.54,
        "BuyerFirstName": "Ann",
        "BuyerLastName": "Stevens"
      },
      {
        "ProductName": "Aspergillus repens",
        "ProductPrice": 1231.42,
        "BuyerFirstName": "Jeremy",
        "BuyerLastName": "Woods"
      },
      {
        "ProductName": "Ampicillin",
        "ProductPrice": 674.63,
        "BuyerFirstName": null,
        "BuyerLastName": null
      }
    ]
  },
  {
    "FirstName": "Fred",
    "LastName": "Allen",
    "soldProducts": [
      {
        "ProductName": "MOIST MOISTURE SKIN TONER",
        "ProductPrice": 152.43,
        "BuyerFirstName": null,
        "BuyerLastName": "Thompson"
      },
      {
        "ProductName": "smart sense nicotine",
        "ProductPrice": 1444.12,
        "BuyerFirstName": "Billy",
        "BuyerLastName": "Parker"
      },
      {
        "ProductName": "Myristica Argentum Sinus Relief",
        "ProductPrice": 904.52,
        "BuyerFirstName": "Rachel",
        "BuyerLastName": "Johnson"
      }
    ]
  },
  {
    "FirstName": null,
    "LastName": "Baker",
    "soldProducts": [
      {
        "ProductName": "Trihexyphenidyl Hydrochloride",
        "ProductPrice": 64.88,
        "BuyerFirstName": "Brenda",
        "BuyerLastName": "Howell"
      },
      {
        "ProductName": "Enchanted Moments Mistletoe Kisses Hand Sanitizer",
        "ProductPrice": 384.99,
        "BuyerFirstName": null,
        "BuyerLastName": "Cunningham"
      },
      {
        "ProductName": "H-Rosacea Formula",
        "ProductPrice": 99.74,
        "BuyerFirstName": "Gloria",
        "BuyerLastName": "Alexander"
      },
      {
        "ProductName": "XANTHIUM STRUMARIUM VAR CANADENSE POLLEN",
        "ProductPrice": 1091.38,
        "BuyerFirstName": "Carl",
        "BuyerLastName": "Lawson"
      }
    ]
  },
  {
    "FirstName": "Fred",
    "LastName": "Barnes",
    "soldProducts": [
      {
        "ProductName": "Fair Foundation SPF 15",
        "ProductPrice": 1394.24,
        "BuyerFirstName": "Patricia",
        "BuyerLastName": "Cooper"
      },
      {
        "ProductName": "IOPE RETIGEN MOISTURE TWIN CAKE NO.21",
        "ProductPrice": 1257.71,
        "BuyerFirstName": "Arthur",
        "BuyerLastName": "Reynolds"
      },
      {
        "ProductName": "ESIKA",
        "ProductPrice": 879.37,
        "BuyerFirstName": "Thomas",
        "BuyerLastName": "Snyder"
      },
      {
        "ProductName": "allergy eye",
        "ProductPrice": 426.91,
        "BuyerFirstName": "Eugene",
        "BuyerLastName": "Stewart"
      },
      {
        "ProductName": "GOONG SECRET CALMING BATH",
        "ProductPrice": 742.47,
        "BuyerFirstName": "Fred",
        "BuyerLastName": "Allen"
      },
      {
        "ProductName": "EMEND",
        "ProductPrice": 1365.51,
        "BuyerFirstName": null,
        "BuyerLastName": "Fox"
      },
      {
        "ProductName": "Finasteride",
        "ProductPrice": 1374.01,
        "BuyerFirstName": "Wanda",
        "BuyerLastName": "Harris"
      },
      {
        "ProductName": "Glyburide",
        "ProductPrice": 95.10,
        "BuyerFirstName": "Betty",
        "BuyerLastName": "Ward"
      },
      {
        "ProductName": "Allergena",
        "ProductPrice": 109.32,
        "BuyerFirstName": null,
        "BuyerLastName": "Mitchell"
      }
    ]
  },
  {
    "FirstName": null,
    "LastName": "Bennett",
    "soldProducts": [
      {
        "ProductName": "Topiramate",
        "ProductPrice": 578.77,
        "BuyerFirstName": "Clarence",
        "BuyerLastName": "Fowler"
      },
      {
        "ProductName": "Alcohol Free Antiseptic",
        "ProductPrice": 1486.07,
        "BuyerFirstName": "Jonathan",
        "BuyerLastName": "Rodriguez"
      },
      {
        "ProductName": "Warfarin Sodium",
        "ProductPrice": 1379.79,
        "BuyerFirstName": "Anna",
        "BuyerLastName": "Parker"
      },
      {
        "ProductName": "Lamotrigine Extended Release",
        "ProductPrice": 245.63,
        "BuyerFirstName": null,
        "BuyerLastName": "Mitchell"
      },
      {
        "ProductName": "CLARINS Ever Matte SPF 15 - 105 Nude",
        "ProductPrice": 696.06,
        "BuyerFirstName": "Doris",
        "BuyerLastName": "Cook"
      },
      {
        "ProductName": "ERYTHROMYCIN Base Filmtab",
        "ProductPrice": 117.84,
        "BuyerFirstName": null,
        "BuyerLastName": null
      }
    ]
  },
  {
    "FirstName": "Anna",
    "LastName": "Clark",
    "soldProducts": [
      {
        "ProductName": "Carbon Dioxide Oxygen Mixture",
        "ProductPrice": 95.49,
        "BuyerFirstName": "Joshua",
        "BuyerLastName": "Murray"
      },
      {
        "ProductName": "Allopurinol",
        "ProductPrice": 518.50,
        "BuyerFirstName": "Marie",
        "BuyerLastName": "Williamson"
      },
      {
        "ProductName": "ROPINIROLE HYDROCHLORIDE",
        "ProductPrice": 266.44,
        "BuyerFirstName": "Fred",
        "BuyerLastName": "Barnes"
      },
      {
        "ProductName": "Almond",
        "ProductPrice": 367.32,
        "BuyerFirstName": "Emily",
        "BuyerLastName": "Parker"
      }
    ]
  },
  {
    "FirstName": "Doris",
    "LastName": "Cook",
    "soldProducts": [
      {
        "ProductName": "ANXIETY/STRESS RELIEF",
        "ProductPrice": 324.66,
        "BuyerFirstName": null,
        "BuyerLastName": "Moreno"
      },
      {
        "ProductName": "Dawn Ultra Antibacterial Hand",
        "ProductPrice": 969.86,
        "BuyerFirstName": "Nicole",
        "BuyerLastName": "Harris"
      }
    ]
  },
  {
    "FirstName": "Patricia",
    "LastName": "Cooper",
    "soldProducts": [
      {
        "ProductName": "Nighttime Sleep Aid",
        "ProductPrice": 1217.11,
        "BuyerFirstName": "Jeremy",
        "BuyerLastName": "Woods"
      },
      {
        "ProductName": "RESCRIPTOR",
        "ProductPrice": 850.52,
        "BuyerFirstName": null,
        "BuyerLastName": null
      },
      {
        "ProductName": "Zonisamide",
        "ProductPrice": 1305.41,
        "BuyerFirstName": null,
        "BuyerLastName": null
      },
      {
        "ProductName": "Shopko Lip Treatment",
        "ProductPrice": 861.42,
        "BuyerFirstName": "Brenda",
        "BuyerLastName": "Howell"
      },
      {
        "ProductName": "MEDICATED DANDRUFF",
        "ProductPrice": 1351.02,
        "BuyerFirstName": "Brandon",
        "BuyerLastName": "Fuller"
      }
    ]
  },
  {
    "FirstName": null,
    "LastName": "Cunningham",
    "soldProducts": [
      {
        "ProductName": "pain relief",
        "ProductPrice": 938.23,
        "BuyerFirstName": "Patrick",
        "BuyerLastName": "King"
      },
      {
        "ProductName": "Ketorolac Tromethamine",
        "ProductPrice": 608.18,
        "BuyerFirstName": "Betty",
        "BuyerLastName": "Lawson"
      },
      {
        "ProductName": "Agaricus Equisetum Special Order",
        "ProductPrice": 585.93,
        "BuyerFirstName": "Ann",
        "BuyerLastName": "Stevens"
      },
      {
        "ProductName": "Flumazenil",
        "ProductPrice": 1151.37,
        "BuyerFirstName": "Ann",
        "BuyerLastName": "Stevens"
      },
      {
        "ProductName": "Ringers",
        "ProductPrice": 1054.37,
        "BuyerFirstName": "Fred",
        "BuyerLastName": "Allen"
      },
      {
        "ProductName": "Yellow Jacket hymenoptera venom Venomil Diagnostic",
        "ProductPrice": 23.58,
        "BuyerFirstName": "Jennifer",
        "BuyerLastName": "Riley"
      }
    ]
  },
  {
    "FirstName": "Carl",
    "LastName": "Daniels",
    "soldProducts": [
      {
        "ProductName": "Prednisone",
        "ProductPrice": 1285.99,
        "BuyerFirstName": "Wanda",
        "BuyerLastName": "Harris"
      },
      {
        "ProductName": "Burn Jel",
        "ProductPrice": 209.57,
        "BuyerFirstName": null,
        "BuyerLastName": null
      },
      {
        "ProductName": "EPZICOM",
        "ProductPrice": 895.65,
        "BuyerFirstName": "Carl",
        "BuyerLastName": "Lawson"
      }
    ]
  },
  {
    "FirstName": "Sarah",
    "LastName": "Day",
    "soldProducts": [
      {
        "ProductName": "IOPE SUPER VITAL",
        "ProductPrice": 824.68,
        "BuyerFirstName": null,
        "BuyerLastName": "Thompson"
      },
      {
        "ProductName": "Triamterene and Hydrochlorothiazide",
        "ProductPrice": 1416.59,
        "BuyerFirstName": "Betty",
        "BuyerLastName": "Lawson"
      }
    ]
  },
  {
    "FirstName": "Clarence",
    "LastName": "Fowler",
    "soldProducts": [
      {
        "ProductName": "PredniSONE",
        "ProductPrice": 286.43,
        "BuyerFirstName": "Betty",
        "BuyerLastName": "Lawson"
      }
    ]
  },
  {
    "FirstName": null,
    "LastName": "Fox",
    "soldProducts": [
      {
        "ProductName": "GEMCITABINE",
        "ProductPrice": 1468.11,
        "BuyerFirstName": "Sandra",
        "BuyerLastName": "Riley"
      }
    ]
  },
  {
    "FirstName": "Bonnie",
    "LastName": "Fox",
    "soldProducts": [
      {
        "ProductName": "Stila Hydrating Primer Oil-Free SPF 30",
        "ProductPrice": 179.28,
        "BuyerFirstName": "Anna",
        "BuyerLastName": "Clark"
      },
      {
        "ProductName": "U-max Multi BB",
        "ProductPrice": 137.16,
        "BuyerFirstName": "Carl",
        "BuyerLastName": "Lawson"
      }
    ]
  },
  {
    "FirstName": "Amanda",
    "LastName": "Frazier",
    "soldProducts": [
      {
        "ProductName": "Ibuprofen",
        "ProductPrice": 1305.96,
        "BuyerFirstName": "Paula",
        "BuyerLastName": "Hill"
      },
      {
        "ProductName": "No7 Protect and Perfect Foundation Sunscreen Broad Spectrum SPF 15 Cool Ivory",
        "ProductPrice": 616.19,
        "BuyerFirstName": "Wanda",
        "BuyerLastName": "Harris"
      },
      {
        "ProductName": "CHAMOMILLA",
        "ProductPrice": 37.97,
        "BuyerFirstName": "Sandra",
        "BuyerLastName": "Riley"
      },
      {
        "ProductName": "Benazepril Hydrochloride and Hydrochlorothiazide",
        "ProductPrice": 1187.27,
        "BuyerFirstName": null,
        "BuyerLastName": "Cunningham"
      }
    ]
  },
  {
    "FirstName": "Brandon",
    "LastName": "Fuller",
    "soldProducts": [
      {
        "ProductName": "Gemcitabine",
        "ProductPrice": 594.79,
        "BuyerFirstName": null,
        "BuyerLastName": "Mitchell"
      },
      {
        "ProductName": "Effervescent Cold Relief",
        "ProductPrice": 1436.07,
        "BuyerFirstName": "Patrick",
        "BuyerLastName": "King"
      },
      {
        "ProductName": "Gehwol med Lipidro",
        "ProductPrice": 421.24,
        "BuyerFirstName": "Patrick",
        "BuyerLastName": "King"
      },
      {
        "ProductName": "REYATAZ",
        "ProductPrice": 41.97,
        "BuyerFirstName": null,
        "BuyerLastName": null
      },
      {
        "ProductName": "Fexofenadine HCl and Pseudoephedrine HCI",
        "ProductPrice": 73.07,
        "BuyerFirstName": "Eugene",
        "BuyerLastName": "Stewart"
      },
      {
        "ProductName": "ORCHID SECRET PACT",
        "ProductPrice": 59.53,
        "BuyerFirstName": "Patricia",
        "BuyerLastName": "Fuller"
      }
    ]
  },
  {
    "FirstName": "Patricia",
    "LastName": "Fuller",
    "soldProducts": [
      {
        "ProductName": "Amitiza",
        "ProductPrice": 666.58,
        "BuyerFirstName": "Marie",
        "BuyerLastName": "Williamson"
      },
      {
        "ProductName": "Pollens - Weeds and Garden Plants, Nettle Urtica dioica",
        "ProductPrice": 782.77,
        "BuyerFirstName": "Christina",
        "BuyerLastName": "Patterson"
      },
      {
        "ProductName": "Perrigo Benzoyl Peroxide",
        "ProductPrice": 873.24,
        "BuyerFirstName": "Anna",
        "BuyerLastName": "Parker"
      }
    ]
  },
  {
    "FirstName": "Kathy",
    "LastName": "Gilbert",
    "soldProducts": [
      {
        "ProductName": "Dover Aminophen",
        "ProductPrice": 192.07,
        "BuyerFirstName": null,
        "BuyerLastName": null
      },
      {
        "ProductName": "Amlodipine Besylate",
        "ProductPrice": 122.57,
        "BuyerFirstName": "Jacqueline",
        "BuyerLastName": "Perez"
      },
      {
        "ProductName": "Gilotrif",
        "ProductPrice": 1454.77,
        "BuyerFirstName": "Rachel",
        "BuyerLastName": "Johnson"
      },
      {
        "ProductName": "Childrens Allegra Allergy",
        "ProductPrice": 650.97,
        "BuyerFirstName": null,
        "BuyerLastName": "Fox"
      },
      {
        "ProductName": "BareMinerals Golden Tan matte",
        "ProductPrice": 110.93,
        "BuyerFirstName": "Patrick",
        "BuyerLastName": "King"
      }
    ]
  },
  {
    "FirstName": "Christine",
    "LastName": "Gomez",
    "soldProducts": [
      {
        "ProductName": "Labetalol Hydrochloride",
        "ProductPrice": 1345.11,
        "BuyerFirstName": "Amanda",
        "BuyerLastName": "Frazier"
      },
      {
        "ProductName": "Americaine",
        "ProductPrice": 1165.75,
        "BuyerFirstName": "Marie",
        "BuyerLastName": "Williamson"
      },
      {
        "ProductName": "CALMING DIAPER RASH",
        "ProductPrice": 700.92,
        "BuyerFirstName": "Arthur",
        "BuyerLastName": "Reynolds"
      }
    ]
  },
  {
    "FirstName": "Nicole",
    "LastName": "Harris",
    "soldProducts": [
      {
        "ProductName": "olio activ mouthwash",
        "ProductPrice": 206.06,
        "BuyerFirstName": null,
        "BuyerLastName": null
      },
      {
        "ProductName": "Acnezzol Base",
        "ProductPrice": 710.60,
        "BuyerFirstName": "Patrick",
        "BuyerLastName": "King"
      },
      {
        "ProductName": "ENALAPRIL MALEATE",
        "ProductPrice": 210.42,
        "BuyerFirstName": "Christine",
        "BuyerLastName": "Gomez"
      }
    ]
  },
  {
    "FirstName": "Wanda",
    "LastName": "Harris",
    "soldProducts": [
      {
        "ProductName": "DAYWEAR PLUS MULTI PROTECTION TINTED MOISTURIZER",
        "ProductPrice": 555.12,
        "BuyerFirstName": "Patricia",
        "BuyerLastName": "Fuller"
      }
    ]
  },
  {
    "FirstName": null,
    "LastName": "Harrison",
    "soldProducts": [
      {
        "ProductName": "Warfarin Sodium",
        "ProductPrice": 138.83,
        "BuyerFirstName": "Betty",
        "BuyerLastName": "Ward"
      },
      {
        "ProductName": "Aquafresh",
        "ProductPrice": 849.93,
        "BuyerFirstName": "Christina",
        "BuyerLastName": "Patterson"
      },
      {
        "ProductName": "Megestrol Acetate",
        "ProductPrice": 976.15,
        "BuyerFirstName": null,
        "BuyerLastName": "Thompson"
      },
      {
        "ProductName": "Glipizide and Metformin Hydrochloride",
        "ProductPrice": 953.60,
        "BuyerFirstName": null,
        "BuyerLastName": "Schmidt"
      },
      {
        "ProductName": "Acetaminophen, Chlorpheniramine Maleate, Dextromethorphan Hydrobromide, Phenylephrine Hydrochloride",
        "ProductPrice": 1028.27,
        "BuyerFirstName": null,
        "BuyerLastName": null
      }
    ]
  },
  {
    "FirstName": "Diana",
    "LastName": "Harvey",
    "soldProducts": [
      {
        "ProductName": "Aspen",
        "ProductPrice": 1046.46,
        "BuyerFirstName": "Patrick",
        "BuyerLastName": "King"
      },
      {
        "ProductName": "Ondansetron",
        "ProductPrice": 1249.76,
        "BuyerFirstName": "Jonathan",
        "BuyerLastName": "Rodriguez"
      },
      {
        "ProductName": "Etodolac",
        "ProductPrice": 1443.13,
        "BuyerFirstName": null,
        "BuyerLastName": "Stewart"
      },
      {
        "ProductName": "VITALUMIERE AQUA",
        "ProductPrice": 1293.09,
        "BuyerFirstName": "Joshua",
        "BuyerLastName": "Murray"
      },
      {
        "ProductName": "Wintergreen Isopropyl Alcohol",
        "ProductPrice": 1397.57,
        "BuyerFirstName": "Jonathan",
        "BuyerLastName": "Rodriguez"
      }
    ]
  },
  {
    "FirstName": "Benjamin",
    "LastName": "Henry",
    "soldProducts": [
      {
        "ProductName": "PAMO Kill Natural",
        "ProductPrice": 1181.06,
        "BuyerFirstName": null,
        "BuyerLastName": null
      },
      {
        "ProductName": "Treatment Set TS336667",
        "ProductPrice": 1466.47,
        "BuyerFirstName": "Carl",
        "BuyerLastName": "Lawson"
      },
      {
        "ProductName": "Alternaria alternata",
        "ProductPrice": 61.24,
        "BuyerFirstName": "Carl",
        "BuyerLastName": "Lawson"
      }
    ]
  },
  {
    "FirstName": "Jean",
    "LastName": "Henry",
    "soldProducts": [
      {
        "ProductName": "Naproxen",
        "ProductPrice": 807.22,
        "BuyerFirstName": "Anna",
        "BuyerLastName": "Parker"
      },
      {
        "ProductName": "Pleo Lat",
        "ProductPrice": 720.08,
        "BuyerFirstName": null,
        "BuyerLastName": "Harrison"
      },
      {
        "ProductName": "DIVALPROEX SODIUM",
        "ProductPrice": 1287.03,
        "BuyerFirstName": "Brenda",
        "BuyerLastName": "Howell"
      },
      {
        "ProductName": "LBEL Couleur Luxe Rouge Amplifier XP amplifying SPF 15",
        "ProductPrice": 1069.43,
        "BuyerFirstName": "Joshua",
        "BuyerLastName": "Murray"
      }
    ]
  },
  {
    "FirstName": "Brenda",
    "LastName": "Howell",
    "soldProducts": [
      {
        "ProductName": "CD CAPTURE TOTALE Triple Correcting Serum Foundation Wrinkles-Dark Spots-Radiance with sunscreen Broad Spectrum SPF 25 010",
        "ProductPrice": 77.23,
        "BuyerFirstName": "Jacqueline",
        "BuyerLastName": "Perez"
      }
    ]
  },
  {
    "FirstName": "Rachel",
    "LastName": "Johnson",
    "soldProducts": [
      {
        "ProductName": "PLANTAGO LANCEOLATA POLLEN",
        "ProductPrice": 561.68,
        "BuyerFirstName": "Nicole",
        "BuyerLastName": "Martinez"
      },
      {
        "ProductName": "Albuterol",
        "ProductPrice": 108.95,
        "BuyerFirstName": null,
        "BuyerLastName": "Peterson"
      },
      {
        "ProductName": "Lorazepam",
        "ProductPrice": 1134.96,
        "BuyerFirstName": "Paula",
        "BuyerLastName": "Hill"
      }
    ]
  },
  {
    "FirstName": "Patrick",
    "LastName": "King",
    "soldProducts": [
      {
        "ProductName": "leader pain reliever",
        "ProductPrice": 1179.79,
        "BuyerFirstName": "Sarah",
        "BuyerLastName": "Day"
      },
      {
        "ProductName": "PCA SKIN ACNE",
        "ProductPrice": 1356.22,
        "BuyerFirstName": null,
        "BuyerLastName": null
      },
      {
        "ProductName": "Leg Cramp Relief",
        "ProductPrice": 1345.69,
        "BuyerFirstName": "Kathy",
        "BuyerLastName": "Gilbert"
      },
      {
        "ProductName": "ESIKA 3-IN-1 PRO MAKE UP FOUNDATION SPF 20 BASE DE MAQUILLAJE PARA ROSTRO 3-EN-1 PRO FPS 20",
        "ProductPrice": 1097.60,
        "BuyerFirstName": "Paula",
        "BuyerLastName": "Hill"
      }
    ]
  },
  {
    "FirstName": "Betty",
    "LastName": "Lawson",
    "soldProducts": [
      {
        "ProductName": "Diastat",
        "ProductPrice": 614.14,
        "BuyerFirstName": "Jennifer",
        "BuyerLastName": "Riley"
      }
    ]
  },
  {
    "FirstName": "Carl",
    "LastName": "Lawson",
    "soldProducts": [
      {
        "ProductName": "ENBREL",
        "ProductPrice": 673.97,
        "BuyerFirstName": "Jonathan",
        "BuyerLastName": "Rodriguez"
      },
      {
        "ProductName": "ropinirole hydrochloride",
        "ProductPrice": 103.58,
        "BuyerFirstName": "Marie",
        "BuyerLastName": "Williamson"
      },
      {
        "ProductName": "Laser Block 100",
        "ProductPrice": 1135.43,
        "BuyerFirstName": "Jean",
        "BuyerLastName": "Henry"
      },
      {
        "ProductName": "Buprenorphine hydrochloride",
        "ProductPrice": 391.05,
        "BuyerFirstName": "Christina",
        "BuyerLastName": "Patterson"
      },
      {
        "ProductName": "Metformin Hydrochloride",
        "ProductPrice": 953.99,
        "BuyerFirstName": "Jeremy",
        "BuyerLastName": "Woods"
      }
    ]
  },
  {
    "FirstName": "Nicole",
    "LastName": "Martinez",
    "soldProducts": [
      {
        "ProductName": "Echinacea Quartz Gum Support",
        "ProductPrice": 570.08,
        "BuyerFirstName": "Thomas",
        "BuyerLastName": "Snyder"
      },
      {
        "ProductName": "Enalapril Maleate",
        "ProductPrice": 72.71,
        "BuyerFirstName": "Thomas",
        "BuyerLastName": "Snyder"
      },
      {
        "ProductName": "Leflunomide",
        "ProductPrice": 312.85,
        "BuyerFirstName": "Jacqueline",
        "BuyerLastName": "Perez"
      },
      {
        "ProductName": "MEDI-FIRST Non-Aspirin",
        "ProductPrice": 1301.28,
        "BuyerFirstName": "Benjamin",
        "BuyerLastName": "Henry"
      }
    ]
  },
  {
    "FirstName": null,
    "LastName": "Mitchell",
    "soldProducts": [
      {
        "ProductName": "Nevirapine",
        "ProductPrice": 1374.72,
        "BuyerFirstName": "Clarence",
        "BuyerLastName": "Fowler"
      },
      {
        "ProductName": "Homeopathic Rheumatism",
        "ProductPrice": 967.08,
        "BuyerFirstName": "Fred",
        "BuyerLastName": "Barnes"
      },
      {
        "ProductName": "ziprasidone hydrochloride",
        "ProductPrice": 628.66,
        "BuyerFirstName": "Amanda",
        "BuyerLastName": "Frazier"
      },
      {
        "ProductName": "Labetalol hydrochloride",
        "ProductPrice": 436.38,
        "BuyerFirstName": "Jean",
        "BuyerLastName": "Henry"
      },
      {
        "ProductName": "kirkland signature minoxidil",
        "ProductPrice": 49.17,
        "BuyerFirstName": null,
        "BuyerLastName": "Bennett"
      },
      {
        "ProductName": "NEO-POLY-BAC HYDRO",
        "ProductPrice": 967.32,
        "BuyerFirstName": "Sandra",
        "BuyerLastName": "Riley"
      }
    ]
  },
  {
    "FirstName": "Chris",
    "LastName": "Mitchell",
    "soldProducts": [
      {
        "ProductName": "Metoprolol Tartrate",
        "ProductPrice": 1405.74,
        "BuyerFirstName": "Gloria",
        "BuyerLastName": "Alexander"
      }
    ]
  },
  {
    "FirstName": null,
    "LastName": "Moreno",
    "soldProducts": [
      {
        "ProductName": "Pollens - Weeds and Garden Plants, Scotch Broom Cytisus scoparius",
        "ProductPrice": 135.82,
        "BuyerFirstName": "Bonnie",
        "BuyerLastName": "Fox"
      },
      {
        "ProductName": "Butalbital, Aspirin and Caffeine",
        "ProductPrice": 1010.98,
        "BuyerFirstName": null,
        "BuyerLastName": "Schmidt"
      },
      {
        "ProductName": "LANEIGE MYSTIC VEIL FOUNDATION",
        "ProductPrice": 20.86,
        "BuyerFirstName": null,
        "BuyerLastName": "Thompson"
      },
      {
        "ProductName": "Moore Medical Sinus Pain and Pressure Relief",
        "ProductPrice": 855.39,
        "BuyerFirstName": null,
        "BuyerLastName": null
      }
    ]
  },
  {
    "FirstName": "Joshua",
    "LastName": "Murray",
    "soldProducts": [
      {
        "ProductName": "Imipramine Hydrochloride",
        "ProductPrice": 648.69,
        "BuyerFirstName": "Patrick",
        "BuyerLastName": "King"
      },
      {
        "ProductName": "SEPHORA Acne-Fighting Mattifying Moisturizer",
        "ProductPrice": 1019.28,
        "BuyerFirstName": "Clarence",
        "BuyerLastName": "Fowler"
      },
      {
        "ProductName": "Etomidate",
        "ProductPrice": 393.94,
        "BuyerFirstName": "Brenda",
        "BuyerLastName": "Howell"
      },
      {
        "ProductName": "Metaxalone",
        "ProductPrice": 79.94,
        "BuyerFirstName": "Patricia",
        "BuyerLastName": "Fuller"
      }
    ]
  },
  {
    "FirstName": "Anna",
    "LastName": "Parker",
    "soldProducts": [
      {
        "ProductName": "Growing Pains",
        "ProductPrice": 1077.37,
        "BuyerFirstName": "Jean",
        "BuyerLastName": "Henry"
      },
      {
        "ProductName": "Amitriptyline Hydrochloride",
        "ProductPrice": 1453.96,
        "BuyerFirstName": "Nicole",
        "BuyerLastName": "Harris"
      },
      {
        "ProductName": "TYLENOL COLD MULTI-SYMPTOM DAYTIME",
        "ProductPrice": 1010.81,
        "BuyerFirstName": "Jonathan",
        "BuyerLastName": "Rodriguez"
      },
      {
        "ProductName": "Glycopyrrolate",
        "ProductPrice": 1471.43,
        "BuyerFirstName": "Brenda",
        "BuyerLastName": "Howell"
      },
      {
        "ProductName": "Baza Antifungal",
        "ProductPrice": 1162.34,
        "BuyerFirstName": "Nicole",
        "BuyerLastName": "Harris"
      },
      {
        "ProductName": "Foaming Hand Sanitizer",
        "ProductPrice": 624.72,
        "BuyerFirstName": null,
        "BuyerLastName": "Thompson"
      },
      {
        "ProductName": "Topical 60 Sec Sodium Fluoride",
        "ProductPrice": 1228.84,
        "BuyerFirstName": "Jacqueline",
        "BuyerLastName": "Perez"
      }
    ]
  },
  {
    "FirstName": "Billy",
    "LastName": "Parker",
    "soldProducts": [
      {
        "ProductName": "Pleo Ginkgo",
        "ProductPrice": 613.65,
        "BuyerFirstName": "Anna",
        "BuyerLastName": "Clark"
      },
      {
        "ProductName": "Clearskin",
        "ProductPrice": 968.59,
        "BuyerFirstName": "Emily",
        "BuyerLastName": "Parker"
      }
    ]
  },
  {
    "FirstName": "Emily",
    "LastName": "Parker",
    "soldProducts": [
      {
        "ProductName": "PREMIER VALUE ALLERGY",
        "ProductPrice": 1127.61,
        "BuyerFirstName": "Carl",
        "BuyerLastName": "Lawson"
      },
      {
        "ProductName": "Pollens - Trees, Birch Mix",
        "ProductPrice": 1153.54,
        "BuyerFirstName": null,
        "BuyerLastName": "Fox"
      },
      {
        "ProductName": "Prostate",
        "ProductPrice": 716.05,
        "BuyerFirstName": "Christina",
        "BuyerLastName": "Patterson"
      },
      {
        "ProductName": "smart sense nighttime cold and flu relief",
        "ProductPrice": 1101.77,
        "BuyerFirstName": "Christina",
        "BuyerLastName": "Patterson"
      },
      {
        "ProductName": "PRIMAXIN",
        "ProductPrice": 686.66,
        "BuyerFirstName": null,
        "BuyerLastName": "Cunningham"
      },
      {
        "ProductName": "cough and sore throat",
        "ProductPrice": 1482.68,
        "BuyerFirstName": "Billy",
        "BuyerLastName": "Parker"
      }
    ]
  },
  {
    "FirstName": "Christina",
    "LastName": "Patterson",
    "soldProducts": [
      {
        "ProductName": "up and up temporary minor arthritis pain relief",
        "ProductPrice": 1085.78,
        "BuyerFirstName": "Patricia",
        "BuyerLastName": "Cooper"
      },
      {
        "ProductName": "Oxygen",
        "ProductPrice": 1242.92,
        "BuyerFirstName": "Christine",
        "BuyerLastName": "Gomez"
      },
      {
        "ProductName": "Head and Shoulders Conditioner",
        "ProductPrice": 1099.59,
        "BuyerFirstName": null,
        "BuyerLastName": "Fox"
      }
    ]
  },
  {
    "FirstName": "Jacqueline",
    "LastName": "Perez",
    "soldProducts": [
      {
        "ProductName": "CVS Therapeutic Menthol Pain Reliever",
        "ProductPrice": 1033.42,
        "BuyerFirstName": null,
        "BuyerLastName": null
      },
      {
        "ProductName": "Cold and Cough",
        "ProductPrice": 218.14,
        "BuyerFirstName": null,
        "BuyerLastName": "Moreno"
      },
      {
        "ProductName": "Glipizide",
        "ProductPrice": 621.78,
        "BuyerFirstName": "Eugene",
        "BuyerLastName": "Stewart"
      }
    ]
  },
  {
    "FirstName": null,
    "LastName": "Peterson",
    "soldProducts": [
      {
        "ProductName": "Protonix",
        "ProductPrice": 466.70,
        "BuyerFirstName": "Christina",
        "BuyerLastName": "Patterson"
      },
      {
        "ProductName": "Hydralazine Hydrochloride",
        "ProductPrice": 1309.72,
        "BuyerFirstName": null,
        "BuyerLastName": null
      },
      {
        "ProductName": "Air",
        "ProductPrice": 331.53,
        "BuyerFirstName": null,
        "BuyerLastName": "Mitchell"
      },
      {
        "ProductName": "Ranitidine",
        "ProductPrice": 926.64,
        "BuyerFirstName": "Anna",
        "BuyerLastName": "Clark"
      },
      {
        "ProductName": "Buprenorphine hydrochloride and naloxone hydrochloride dihydrate",
        "ProductPrice": 293.33,
        "BuyerFirstName": "Betty",
        "BuyerLastName": "Ward"
      }
    ]
  },
  {
    "FirstName": "Arthur",
    "LastName": "Reynolds",
    "soldProducts": [
      {
        "ProductName": "Azithromycin",
        "ProductPrice": 813.87,
        "BuyerFirstName": "Marie",
        "BuyerLastName": "Williamson"
      },
      {
        "ProductName": "Pioglitazone",
        "ProductPrice": 306.56,
        "BuyerFirstName": null,
        "BuyerLastName": "Fox"
      }
    ]
  },
  {
    "FirstName": "Jennifer",
    "LastName": "Riley",
    "soldProducts": [
      {
        "ProductName": "Allopurinol",
        "ProductPrice": 48.80,
        "BuyerFirstName": "Fred",
        "BuyerLastName": "Allen"
      },
      {
        "ProductName": "Eszopiclone",
        "ProductPrice": 405.03,
        "BuyerFirstName": "Doris",
        "BuyerLastName": "Cook"
      }
    ]
  },
  {
    "FirstName": "Sandra",
    "LastName": "Riley",
    "soldProducts": [
      {
        "ProductName": "Budpak Hemorrhoid Anesthetic",
        "ProductPrice": 1499.29,
        "BuyerFirstName": "Doris",
        "BuyerLastName": "Cook"
      },
      {
        "ProductName": "Levothyroxine Sodium",
        "ProductPrice": 885.86,
        "BuyerFirstName": "Kathy",
        "BuyerLastName": "Gilbert"
      },
      {
        "ProductName": "LV-FX",
        "ProductPrice": 820.87,
        "BuyerFirstName": "Brenda",
        "BuyerLastName": "Howell"
      }
    ]
  },
  {
    "FirstName": "Jonathan",
    "LastName": "Rodriguez",
    "soldProducts": [
      {
        "ProductName": "Prednisone",
        "ProductPrice": 550.72,
        "BuyerFirstName": null,
        "BuyerLastName": "Stewart"
      },
      {
        "ProductName": "equaline",
        "ProductPrice": 520.45,
        "BuyerFirstName": "Billy",
        "BuyerLastName": "Parker"
      },
      {
        "ProductName": "Acetic Acid",
        "ProductPrice": 1060.43,
        "BuyerFirstName": "Carl",
        "BuyerLastName": "Lawson"
      }
    ]
  },
  {
    "FirstName": null,
    "LastName": "Schmidt",
    "soldProducts": [
      {
        "ProductName": "Allopurinol",
        "ProductPrice": 336.81,
        "BuyerFirstName": "Emily",
        "BuyerLastName": "Parker"
      },
      {
        "ProductName": "ISOPROPYL ALCOHOL",
        "ProductPrice": 339.48,
        "BuyerFirstName": "Betty",
        "BuyerLastName": "Ward"
      },
      {
        "ProductName": "Smooth texture Orange flavor",
        "ProductPrice": 976.65,
        "BuyerFirstName": "Jeremy",
        "BuyerLastName": "Woods"
      },
      {
        "ProductName": "Etoposide",
        "ProductPrice": 1483.96,
        "BuyerFirstName": "Ann",
        "BuyerLastName": "Stevens"
      }
    ]
  },
  {
    "FirstName": "Thomas",
    "LastName": "Snyder",
    "soldProducts": [
      {
        "ProductName": "AVANDAMET",
        "ProductPrice": 632.08,
        "BuyerFirstName": "Nicole",
        "BuyerLastName": "Harris"
      },
      {
        "ProductName": "DIPYRIDAMOLE",
        "ProductPrice": 1150.67,
        "BuyerFirstName": "Eugene",
        "BuyerLastName": "Stewart"
      },
      {
        "ProductName": "Warfarin Sodium",
        "ProductPrice": 770.05,
        "BuyerFirstName": "Patricia",
        "BuyerLastName": "Cooper"
      },
      {
        "ProductName": "SNORING HP",
        "ProductPrice": 53.59,
        "BuyerFirstName": "Fred",
        "BuyerLastName": "Allen"
      },
      {
        "ProductName": "Phenylephrine HCl",
        "ProductPrice": 459.89,
        "BuyerFirstName": "Nicole",
        "BuyerLastName": "Martinez"
      }
    ]
  },
  {
    "FirstName": "Ann",
    "LastName": "Stevens",
    "soldProducts": [
      {
        "ProductName": "Fluoxetine",
        "ProductPrice": 385.37,
        "BuyerFirstName": null,
        "BuyerLastName": "Stewart"
      },
      {
        "ProductName": "Extra Strength Pain Reliever PM",
        "ProductPrice": 542.72,
        "BuyerFirstName": "Sarah",
        "BuyerLastName": "Day"
      },
      {
        "ProductName": "Propranolol Hydrochloride",
        "ProductPrice": 546.95,
        "BuyerFirstName": null,
        "BuyerLastName": null
      },
      {
        "ProductName": "CARBIDOPA AND LEVODOPA",
        "ProductPrice": 441.64,
        "BuyerFirstName": "Billy",
        "BuyerLastName": "Parker"
      },
      {
        "ProductName": "Peter Island Continous sunscreen kids",
        "ProductPrice": 471.30,
        "BuyerFirstName": null,
        "BuyerLastName": "Bennett"
      },
      {
        "ProductName": "CEDAX",
        "ProductPrice": 342.86,
        "BuyerFirstName": null,
        "BuyerLastName": null
      }
    ]
  },
  {
    "FirstName": "Gary",
    "LastName": "Stevens",
    "soldProducts": [
      {
        "ProductName": "Cefadroxil",
        "ProductPrice": 1302.20,
        "BuyerFirstName": null,
        "BuyerLastName": "Stewart"
      },
      {
        "ProductName": "Fosphenytoin Sodium",
        "ProductPrice": 1334.06,
        "BuyerFirstName": "Marie",
        "BuyerLastName": "Williamson"
      }
    ]
  },
  {
    "FirstName": null,
    "LastName": "Stewart",
    "soldProducts": [
      {
        "ProductName": "AIR",
        "ProductPrice": 581.69,
        "BuyerFirstName": "Thomas",
        "BuyerLastName": "Snyder"
      },
      {
        "ProductName": "Ibuprofen",
        "ProductPrice": 1088.04,
        "BuyerFirstName": null,
        "BuyerLastName": null
      },
      {
        "ProductName": "Spironolactone",
        "ProductPrice": 933.69,
        "BuyerFirstName": null,
        "BuyerLastName": null
      }
    ]
  },
  {
    "FirstName": "Eugene",
    "LastName": "Stewart",
    "soldProducts": [
      {
        "ProductName": "Meloxicam",
        "ProductPrice": 809.18,
        "BuyerFirstName": "Chris",
        "BuyerLastName": "Mitchell"
      },
      {
        "ProductName": "Goats Milk",
        "ProductPrice": 298.53,
        "BuyerFirstName": null,
        "BuyerLastName": null
      },
      {
        "ProductName": "Aspirin",
        "ProductPrice": 925.45,
        "BuyerFirstName": "Fred",
        "BuyerLastName": "Barnes"
      },
      {
        "ProductName": "Retin-A MICRO",
        "ProductPrice": 995.98,
        "BuyerFirstName": "Emily",
        "BuyerLastName": "Parker"
      },
      {
        "ProductName": "Topex",
        "ProductPrice": 1258.49,
        "BuyerFirstName": "Paula",
        "BuyerLastName": "Hill"
      }
    ]
  },
  {
    "FirstName": null,
    "LastName": "Thompson",
    "soldProducts": [
      {
        "ProductName": "Irbesartan and Hydrochlorothiazide",
        "ProductPrice": 308.30,
        "BuyerFirstName": "Patricia",
        "BuyerLastName": "Fuller"
      },
      {
        "ProductName": "Clarins Paris Skin Illusion - 114 cappuccino",
        "ProductPrice": 811.42,
        "BuyerFirstName": "Jeremy",
        "BuyerLastName": "Woods"
      },
      {
        "ProductName": "TRAMADOL HYDROCHLORIDE",
        "ProductPrice": 516.48,
        "BuyerFirstName": null,
        "BuyerLastName": null
      },
      {
        "ProductName": "AMARANTHUS PALMERI POLLEN",
        "ProductPrice": 623.16,
        "BuyerFirstName": "Betty",
        "BuyerLastName": "Lawson"
      }
    ]
  },
  {
    "FirstName": "Marie",
    "LastName": "Williamson",
    "soldProducts": [
      {
        "ProductName": "Care One Hemorrhoidal",
        "ProductPrice": 932.18,
        "BuyerFirstName": "Thomas",
        "BuyerLastName": "Snyder"
      },
      {
        "ProductName": "SUMATRIPTAN SUCCINATE",
        "ProductPrice": 1265.94,
        "BuyerFirstName": "Sarah",
        "BuyerLastName": "Day"
      },
      {
        "ProductName": "Acid Reducer",
        "ProductPrice": 1443.51,
        "BuyerFirstName": null,
        "BuyerLastName": "Moreno"
      },
      {
        "ProductName": "Isosorbide Mononitrate",
        "ProductPrice": 789.91,
        "BuyerFirstName": "Paula",
        "BuyerLastName": "Hill"
      },
      {
        "ProductName": "PANTOPRAZOLE SODIUM",
        "ProductPrice": 293.89,
        "BuyerFirstName": "Brenda",
        "BuyerLastName": "Howell"
      }
    ]
  },
  {
    "FirstName": "Jeremy",
    "LastName": "Woods",
    "soldProducts": [
      {
        "ProductName": "Archangelica Eucalyptus",
        "ProductPrice": 1334.91,
        "BuyerFirstName": "Jacqueline",
        "BuyerLastName": "Perez"
      },
      {
        "ProductName": "Parsley",
        "ProductPrice": 519.06,
        "BuyerFirstName": "Betty",
        "BuyerLastName": "Lawson"
      },
      {
        "ProductName": "XtraCare Foam Antibacterial Hand Wash",
        "ProductPrice": 1251.97,
        "BuyerFirstName": "Anna",
        "BuyerLastName": "Clark"
      },
      {
        "ProductName": "TERSI",
        "ProductPrice": 554.91,
        "BuyerFirstName": "Eugene",
        "BuyerLastName": "Stewart"
      }
    ]
  }
]